{
  "$schema": "https://openapi.vercel.sh/vercel.json",
  "git": {
    "deploymentEnabled": false
  },
  "headers": [
    {
      "source": "/(.*)",
      "headers": [
        {
          "key": "X-Frame-Options",
          "value": "DENY"
        },
        {
          "key": "X-Content-Type-Options",
          "value": "nosniff"
        },
        {
          "key": "X-XSS-Protection",
          "value": "1; mode=block"
        },
        {
          "key": "Referrer-Policy",
          "value": "strict-origin-when-cross-origin"
        },
        {
          "key": "Permissions-Policy",
          "value": "camera=(), microphone=(), geolocation=(), interest-cohort=()"
        },
        {
          "key": "Content-Security-Policy",
          "value": "default-src 'self'; script-src 'self' 'unsafe-inline' https://cdn.jsdelivr.net; style-src 'self' 'unsafe-inline' https://fonts.googleapis.com; font-src 'self' https://fonts.gstatic.com data:; img-src 'self' data: https:; connect-src 'self' https://api.github.com; frame-ancestors 'none'; base-uri 'self'; form-action 'self'; object-src 'none'"
        },
        {
          "key": "X-DNS-Prefetch-Control",
          "value": "on"
        },
        {
          "key": "Strict-Transport-Security",
          "value": "max-age=63072000; includeSubDomains; preload"
        }
      ]
    },
    {
      "source": "/:path(.*\\.html)?",
      "headers": [
        {
          "key": "Cache-Control",
          "value": "public, max-age=0, must-revalidate"
        }
      ]
    },
    {
      "source": "/assets/:path*.(js|css)",
      "headers": [
        {
          "key": "Cache-Control",
          "value": "public, max-age=31536000, immutable"
        }
      ]
    },
    {
      "source": "/_astro/:path*.(js|css)",
      "headers": [
        {
          "key": "Cache-Control",
          "value": "public, max-age=31536000, immutable"
        }
      ]
    },
    {
      "source": "/images/:path*.(jpg|jpeg|png|webp|avif|svg|gif)",
      "headers": [
        {
          "key": "Cache-Control",
          "value": "public, max-age=604800, stale-while-revalidate=86400"
        }
      ]
    },
    {
      "source": "/:path*.(woff|woff2|ttf|otf|eot)",
      "headers": [
        {
          "key": "Cache-Control",
          "value": "public, max-age=31536000, immutable"
        }
      ]
    },
    {
      "source": "/favicon/favicon.ico",
      "headers": [
        {
          "key": "Cache-Control",
          "value": "public, max-age=604800"
        }
      ]
    },
    {
      "source": "/robots.txt",
      "headers": [
        {
          "key": "Cache-Control",
          "value": "public, max-age=3600"
        }
      ]
    },
    {
      "source": "/sitemap:path*.xml",
      "headers": [
        {
          "key": "Cache-Control",
          "value": "public, max-age=3600"
        }
      ]
    },
    {
      "source": "/rss.xml",
      "headers": [
        {
          "key": "Cache-Control",
          "value": "public, max-age=3600"
        },
        {
          "key": "Content-Type",
          "value": "application/rss+xml; charset=utf-8"
        }
      ]
    }
  ],
  "cleanUrls": true,
  "trailingSlash": false
}
